name,latitude,longitude
SYNTHETIC_cctv_1,35.20525295502672,129.0942857282053
SYNTHETIC_cctv_2,35.212913132096624,129.0436418591978
SYNTHETIC_cctv_3,35.238124467669564,129.1054742142798
SYNTHETIC_cctv_4,35.188982288064295,129.13429093648037
SYNTHETIC_cctv_5,35.2081975123409,129.02866159693593
SYNTHETIC_cctv_6,35.2031802399018,129.08233040385912
SYNTHETIC_cctv_7,35.245076782564524,129.13691140001876
SYNTHETIC_cctv_8,35.31594954872496,129.03905854450085
SYNTHETIC_cctv_9,35.241832404620894,129.14510863444514
SYNTHETIC_cctv_10,35.289384799496744,129.1461644467547
SYNTHETIC_cctv_11,35.316489203032106,129.05740228158416
SYNTHETIC_cctv_12,35.29139139991978,129.06087984908197
SYNTHETIC_cctv_13,35.21683958506459,129.14973878540076
SYNTHETIC_cctv_14,35.30688652401126,129.09689520845498
SYNTHETIC_cctv_15,35.26168535482629,129.0363914854447
SYNTHETIC_cctv_16,35.30642681374476,129.14593193818092
SYNTHETIC_cctv_17,35.23719706196182,129.03830471728455
SYNTHETIC_cctv_18,35.294253131178486,129.0754643606304
SYNTHETIC_cctv_19,35.3143128776874,129.13595932497523
SYNTHETIC_cctv_20,35.24608335828418,129.04407816177502
SYNTHETIC_cctv_21,35.25704849928751,129.07149969883977
SYNTHETIC_cctv_22,35.286436372832135,129.02951404608214
SYNTHETIC_cctv_23,35.28961381454692,129.0423399970045
SYNTHETIC_cctv_24,35.19344447338206,129.06621069170637
SYNTHETIC_cctv_25,35.29098223524904,129.09360889844072
SYNTHETIC_cctv_26,35.30201171937001,129.10219624295013
SYNTHETIC_cctv_27,35.21062163029995,129.0757066019872
SYNTHETIC_cctv_28,35.20443454399577,129.12561660998784
SYNTHETIC_cctv_29,35.31246277290031,129.13954665019057
SYNTHETIC_cctv_30,35.258294405598875,129.041441341167
SYNTHETIC_cctv_31,35.301981559836776,129.03668389343508
SYNTHETIC_cctv_32,35.188127829788684,129.02107622651118
SYNTHETIC_cctv_33,35.289722762574705,129.02535873400976
SYNTHETIC_cctv_34,35.23983728192705,129.1260963573728
SYNTHETIC_cctv_35,35.221353964449854,129.04085967083972
SYNTHETIC_cctv_36,35.29527241553805,129.0417903087332
SYNTHETIC_cctv_37,35.2438753922148,129.12164347041184
SYNTHETIC_cctv_38,35.23238838875753,129.11845324173302
SYNTHETIC_cctv_39,35.20548734633102,129.04977483714052
SYNTHETIC_cctv_40,35.26640139169142,129.02806098355197
SYNTHETIC_cctv_41,35.23243484759403,129.08104293814804
SYNTHETIC_cctv_42,35.24744644415106,129.02172786774224
SYNTHETIC_cctv_43,35.23915199207863,129.02573547647688
SYNTHETIC_cctv_44,35.20204957335319,129.10705355241532
SYNTHETIC_cctv_45,35.31099619297798,129.02440589248968
SYNTHETIC_cctv_46,35.18280502283917,129.12724631062335
SYNTHETIC_cctv_47,35.24258567950121,129.05792445305198
SYNTHETIC_cctv_48,35.307767795763056,129.10404119386547
SYNTHETIC_cctv_49,35.1970290359414,129.14850025258474
SYNTHETIC_cctv_50,35.20453374239801,129.14797233800198
SYNTHETIC_cctv_51,35.314802662646265,129.10192948455054
SYNTHETIC_cctv_52,35.1934250523563,129.1434401595957
SYNTHETIC_cctv_53,35.30197632593063,129.13179811579172
SYNTHETIC_cctv_54,35.259622284031764,129.01795791657315
SYNTHETIC_cctv_55,35.27897958098822,129.06339200884327
SYNTHETIC_cctv_56,35.234537878383016,129.1122591912561
SYNTHETIC_cctv_57,35.23529276487436,129.09984686032348
SYNTHETIC_cctv_58,35.183360483512615,129.05756587896715
SYNTHETIC_cctv_59,35.21172943375083,129.0484827905824
SYNTHETIC_cctv_60,35.28205809834071,129.13772623685824
SYNTHETIC_cctv_61,35.23134134884169,129.05141654862342
SYNTHETIC_cctv_62,35.27331582785512,129.09406914268652
SYNTHETIC_cctv_63,35.20139449455435,129.07709649417163
SYNTHETIC_cctv_64,35.21451248932762,129.1269396601965
SYNTHETIC_cctv_65,35.31060358908333,129.07174002439956
SYNTHETIC_cctv_66,35.274453710854516,129.1056728679673
SYNTHETIC_cctv_67,35.221990336019466,129.08792022013748
SYNTHETIC_cctv_68,35.2945671765784,129.13563182832976
SYNTHETIC_cctv_69,35.21823968364669,129.03601062785586
SYNTHETIC_cctv_70,35.27937377691748,129.09301812788948
SYNTHETIC_cctv_71,35.291857360093765,129.14588438399335
SYNTHETIC_cctv_72,35.18528423182689,129.13343663036923
SYNTHETIC_cctv_73,35.2553850519406,129.12550219163126
SYNTHETIC_cctv_74,35.21502978870781,129.05246888545366
SYNTHETIC_cctv_75,35.267552959596564,129.02318641984277
SYNTHETIC_cctv_76,35.1955344789555,129.0682430077487
SYNTHETIC_cctv_77,35.208737877267396,129.03749551077019
SYNTHETIC_cctv_78,35.26736995961943,129.07553798164105
SYNTHETIC_cctv_79,35.29969701919536,129.08440864198377
SYNTHETIC_cctv_80,35.22813741739063,129.0769183817267
SYNTHETIC_cctv_81,35.194811904168766,129.10658064956522
SYNTHETIC_cctv_82,35.295116456490085,129.1073573995316
SYNTHETIC_cctv_83,35.266153875476206,129.0536055056586
SYNTHETIC_cctv_84,35.23282237032972,129.09526555561175
SYNTHETIC_cctv_85,35.26755935968619,129.11209640790213
SYNTHETIC_cctv_86,35.228876606529916,129.02807644039504
SYNTHETIC_cctv_87,35.2822063047652,129.13342082427178
SYNTHETIC_cctv_88,35.23534330674924,129.0362459376773
SYNTHETIC_cctv_89,35.260460024085276,129.07902936775838
SYNTHETIC_cctv_90,35.29341025350551,129.03587432109254
SYNTHETIC_cctv_91,35.1944415094111,129.14168442856482
SYNTHETIC_cctv_92,35.275158786155814,129.01166045952934
SYNTHETIC_cctv_93,35.30924102274437,129.10626269405898
SYNTHETIC_cctv_94,35.2056544347255,129.07411551602775
SYNTHETIC_cctv_95,35.31900168733269,129.02917151713342
SYNTHETIC_cctv_96,35.302547525932134,129.08041698632442
SYNTHETIC_cctv_97,35.309269630616406,129.01287290977447
SYNTHETIC_cctv_98,35.24998113645004,129.05057897780065
SYNTHETIC_cctv_99,35.30848363273923,129.1370102488151
SYNTHETIC_cctv_100,35.27104536703016,129.02542555860072
SYNTHETIC_cctv_101,35.313779930584055,129.12873409752578
SYNTHETIC_cctv_102,35.1974678168464,129.03296564718534
SYNTHETIC_cctv_103,35.262585375163596,129.0623663389649
SYNTHETIC_cctv_104,35.235823997785545,129.08293806539504
SYNTHETIC_cctv_105,35.25897512947635,129.03516892109968
SYNTHETIC_cctv_106,35.180805860106425,129.0733802575185
SYNTHETIC_cctv_107,35.306102210154656,129.01431077313129
SYNTHETIC_cctv_108,35.313005900032685,129.11658727851963
SYNTHETIC_cctv_109,35.19025600588882,129.11068611987557
SYNTHETIC_cctv_110,35.234980495299205,129.02020931712786
SYNTHETIC_cctv_111,35.22816434568634,129.07795370477248
SYNTHETIC_cctv_112,35.20072471253721,129.06089361953582
SYNTHETIC_cctv_113,35.26451294294892,129.11017743826125
SYNTHETIC_cctv_114,35.1846338808653,129.09044864253826
SYNTHETIC_cctv_115,35.215517741621056,129.01056707760566
SYNTHETIC_cctv_116,35.304152542247564,129.0376887624655
SYNTHETIC_cctv_117,35.280374886217786,129.13813261596104
SYNTHETIC_cctv_118,35.18353484191902,129.02971872622552
SYNTHETIC_cctv_119,35.19684127034256,129.14314952932446
SYNTHETIC_cctv_120,35.274386278162844,129.0759529776157
SYNTHETIC_cctv_121,35.281023875503315,129.09462994401073
SYNTHETIC_cctv_122,35.20423837442577,129.08333276520813
SYNTHETIC_cctv_123,35.22245836309535,129.11146249032868
SYNTHETIC_cctv_124,35.189558273867476,129.12415672662763
SYNTHETIC_cctv_125,35.24861269227101,129.10328975349708
SYNTHETIC_cctv_126,35.220032272607554,129.03189235246433
SYNTHETIC_cctv_127,35.23887892696202,129.13506807292944
SYNTHETIC_cctv_128,35.20842494703859,129.14167813346234
SYNTHETIC_cctv_129,35.31827186356793,129.06552961658738
SYNTHETIC_cctv_130,35.30860425749472,129.03968017955893
SYNTHETIC_cctv_131,35.24008559179621,129.07506167347083
SYNTHETIC_cctv_132,35.2630576471765,129.10469095151194
SYNTHETIC_cctv_133,35.22965330848743,129.0146625073929
SYNTHETIC_cctv_134,35.31325733356657,129.12856433148858
SYNTHETIC_cctv_135,35.31038610923376,129.11476634156762
SYNTHETIC_cctv_136,35.182382668513306,129.033767911228
SYNTHETIC_cctv_137,35.29401815418308,129.01830628557806
SYNTHETIC_cctv_138,35.21155319642127,129.04408986618822
SYNTHETIC_cctv_139,35.2407102180571,129.04386348920644
SYNTHETIC_cctv_140,35.213502923189004,129.1050620127206
SYNTHETIC_cctv_141,35.19488468648104,129.0317857192354
SYNTHETIC_cctv_142,35.205308662354426,129.0396471651617
SYNTHETIC_cctv_143,35.24800028263794,129.1137470978188
SYNTHETIC_cctv_144,35.30119362094637,129.09993025534214
SYNTHETIC_cctv_145,35.302367648421075,129.13951932183613
SYNTHETIC_cctv_146,35.309887779692474,129.12991928681828
SYNTHETIC_cctv_147,35.27573834206027,129.0896827326415
SYNTHETIC_cctv_148,35.20778870740744,129.03415798178455
SYNTHETIC_cctv_149,35.19505537799273,129.01967237380887
SYNTHETIC_cctv_150,35.229241892772365,129.08184153020565
SYNTHETIC_cctv_151,35.188308697562086,129.09254232182298
SYNTHETIC_cctv_152,35.29781673936891,129.04511339671646
SYNTHETIC_cctv_153,35.2774132251485,129.0548189543046
SYNTHETIC_cctv_154,35.19700906591206,129.11968846920095
SYNTHETIC_cctv_155,35.29556513939956,129.12878376454475
SYNTHETIC_cctv_156,35.2199881656324,129.10440877868112
SYNTHETIC_cctv_157,35.31578951589889,129.10939839757935
SYNTHETIC_cctv_158,35.21070973246837,129.0141752333188
SYNTHETIC_cctv_159,35.180025943343836,129.08294240544836
SYNTHETIC_cctv_160,35.185920776469395,129.11946308118965
SYNTHETIC_cctv_161,35.29497060696937,129.14455966907042
SYNTHETIC_cctv_162,35.29275537576556,129.05858901975378
SYNTHETIC_cctv_163,35.20744830450492,129.01204697314424
SYNTHETIC_cctv_164,35.20918304647745,129.0584751783272
SYNTHETIC_cctv_165,35.26115272013621,129.07574991675747
SYNTHETIC_cctv_166,35.27402547180887,129.04693881464183
SYNTHETIC_cctv_167,35.227473679520685,129.05826401670888
SYNTHETIC_cctv_168,35.21497667405813,129.14105261058955
SYNTHETIC_cctv_169,35.254492782676614,129.14331000927217
SYNTHETIC_cctv_170,35.191138474229966,129.1202667076862
SYNTHETIC_cctv_171,35.20024230610274,129.02515470829928
SYNTHETIC_cctv_172,35.258112968449154,129.01094137265505
SYNTHETIC_cctv_173,35.255007169568486,129.01783719354006
SYNTHETIC_cctv_174,35.2752482403051,129.0470966683982
SYNTHETIC_cctv_175,35.2532354911579,129.0912403615031
SYNTHETIC_cctv_176,35.27405978228431,129.0531176864319
SYNTHETIC_cctv_177,35.30878520380353,129.0463611287907
SYNTHETIC_cctv_178,35.282253216756196,129.07859475188485
SYNTHETIC_cctv_179,35.256777053997595,129.04153925828996
SYNTHETIC_cctv_180,35.27104117077,129.09181795813797
SYNTHETIC_cctv_181,35.284867071181935,129.0368568735478
SYNTHETIC_cctv_182,35.27480977200112,129.09591394890748
SYNTHETIC_cctv_183,35.22201365041467,129.0994275299918
SYNTHETIC_cctv_184,35.29119416172155,129.10724149132972
SYNTHETIC_cctv_185,35.18604533501424,129.1411829268888
SYNTHETIC_cctv_186,35.19098448030746,129.11470438485574
SYNTHETIC_cctv_187,35.23407058267998,129.01920153945935
SYNTHETIC_cctv_188,35.21812407693177,129.10972132935544
SYNTHETIC_cctv_189,35.22319137195806,129.02969193707693
SYNTHETIC_cctv_190,35.243140566666256,129.0739664065191
