name,latitude,longitude,value
SYNTHETIC_demand_1,35.3182346026371,129.03737579845887,97
SYNTHETIC_demand_2,35.19556314554022,129.0532716199227,133
SYNTHETIC_demand_3,35.30795195354207,129.0611719517657,142
SYNTHETIC_demand_4,35.22984573925611,129.04266137210038,136
SYNTHETIC_demand_5,35.206260032037825,129.0583459355921,14
SYNTHETIC_demand_6,35.24609945503266,129.04657397067942,48
SYNTHETIC_demand_7,35.29418453348054,129.0391285695074,36
SYNTHETIC_demand_8,35.300862513264796,129.09091687516334,148
SYNTHETIC_demand_9,35.25035453793147,129.0811459647132,135
SYNTHETIC_demand_10,35.21063515057002,129.06207403492766,122
SYNTHETIC_demand_11,35.20798893160747,129.01096279071544,88
SYNTHETIC_demand_12,35.236668169536564,129.07049981861272,39
SYNTHETIC_demand_13,35.306335044781456,129.02517620991685,59
SYNTHETIC_demand_14,35.25265163205677,129.03966922053044,11
SYNTHETIC_demand_15,35.257895634361766,129.14750829552625,35
SYNTHETIC_demand_16,35.30183637815057,129.07809047358236,90
SYNTHETIC_demand_17,35.256775991763064,129.11963400593206,113
SYNTHETIC_demand_18,35.267281664768696,129.06351735412088,89
SYNTHETIC_demand_19,35.23757882961341,129.09548619041266,35
SYNTHETIC_demand_20,35.273644558797685,129.1356928219057,94
SYNTHETIC_demand_21,35.25296383499829,129.04075303480133,53
SYNTHETIC_demand_22,35.19434969147286,129.13802501945992,134
SYNTHETIC_demand_23,35.26459215957326,129.13217350394106,57
SYNTHETIC_demand_24,35.22702047560037,129.11065730716305,54
SYNTHETIC_demand_25,35.25695964063885,129.11414283229786,55
SYNTHETIC_demand_26,35.26839052871766,129.03067826918422,75
SYNTHETIC_demand_27,35.231355360759906,129.09386595274344,92
SYNTHETIC_demand_28,35.195631474517356,129.0561099586751,69
SYNTHETIC_demand_29,35.313634743448084,129.13498134273917,144
SYNTHETIC_demand_30,35.1910631234086,129.12272454399277,67
SYNTHETIC_demand_31,35.31827238157921,129.09613935589664,140
SYNTHETIC_demand_32,35.24879849109112,129.09359892029963,125
SYNTHETIC_demand_33,35.19040021357221,129.0808667217845,121
SYNTHETIC_demand_34,35.18050453826074,129.0606292539907,143
SYNTHETIC_demand_35,35.24063424734889,129.0328264356454,143
