house_id,latitude,longitude
SYN001,35.21244075660531,129.11438796009287
SYN002,35.283179675708915,129.09450561236557
SYN003,35.22914508516311,129.06529114482396
SYN004,35.2921142801349,129.08976907344507
SYN005,35.23800350219752,129.08955108079613
SYN006,35.23137008391859,129.05462644233884
SYN007,35.204111758022385,129.1227414703475
SYN008,35.21986671678106,129.0759376620408
SYN009,35.291094801000824,129.09477356214268
SYN010,35.23959748680612,129.1189598896115
SYN011,35.21103291910861,129.0581127210181
SYN012,35.23647956804012,129.04197692064355
SYN013,35.20914145438774,129.1118824560245
SYN014,35.26681736427645,129.07681244930149
SYN015,35.21369060056271,129.0446285917369
SYN016,35.27482344281567,129.10852922595473
SYN017,35.29785548752128,129.08833187109792
SYN018,35.29071556085126,129.11503036020397
SYN019,35.20023895904594,129.03589508840486
SYN020,35.21364153532353,129.10994116891413
SYN021,35.240023387618656,129.0460931065629
SYN022,35.294878546664776,129.0984141329571
SYN023,35.21936337075112,129.12060085010935
SYN024,35.206091540247115,129.05254507497847
SYN025,35.23493749472461,129.10417197785256
SYN026,35.27100651904041,129.0413843385594
SYN027,35.250076923364006,129.06573498227712
SYN028,35.23498014411095,129.1206289993531
SYN029,35.25129379461,129.06771866618075
SYN030,35.27526123205543,129.04859100478723
SYN031,35.23027083349674,129.1108795731688
SYN032,35.25417701531547,129.03711465747722
SYN033,35.24492750694878,129.07016719679996
SYN034,35.29310078186696,129.065926215186
SYN035,35.26081548519131,129.0608749024202
SYN036,35.2199786049139,129.09435612329042
SYN037,35.24780139514081,129.0732489341962
SYN038,35.23594859014771,129.08366602868233
SYN039,35.230570448587244,129.076531234341
SYN040,35.282820474442055,129.0510997712159
SYN041,35.26681358308804,129.07691041515622
SYN042,35.29750511714659,129.11638598619348
SYN043,35.21479576466249,129.1175474933582
SYN044,35.28449091675594,129.03033346995986
SYN045,35.2085252919802,129.05874688981325
